image_file,title,description,board,destination_url,scheduled_date,scheduled_time,type
00-unlock-your-soft-life-daily-check-in-template-for-partners.png,Unlock Your Soft Life: Daily Check-in Template for Partners,"Cultivate deeper connection and nervous system regulation with our 'Soft Life Check-in Template.' This educational guide offers simple rituals for partners to foster intimacy and wellness daily. Learn how to create meaningful moments, practice aftercare for your relationship, and enhance your overall well-being. Perfect for couples seeking gentle, consistent connection. #SoftLife #SoftLifeIntimacy #CouplesRituals #NervousSystem #RelationshipRituals",Soft Life Intimacy,https://bdsmpub.com/pages/education,,,sister_brand_safe
01-5-steps-to-your-weekly-relationship-reset-ritual.png,5 Steps to Your Weekly Relationship Reset Ritual,"Cultivate deeper connection and nurture your bond with our weekly relationship reset ritual. This educational guide offers partners a gentle framework to reconnect, regulate their nervous systems, and foster lasting intimacy. Discover simple practices for meaningful communication, shared quiet moments, and intentional aftercare for your connection. Build a soft life together, strengthening your understanding and mutual support. Perfect for couples seeking to enhance their wellness journey. #Coup",Soft Life Intimacy,https://bdsmpub.com/pages/education,,,sister_brand_safe
02-therapists-reveal-5-ways-to-reset-intimacy-tonight.png,Therapists Reveal: 5 Ways to Reset Intimacy Tonight,Ever wonder how to bring that spark back? Therapists share their top secrets for intimacy resets that truly work. Learn practical rituals and education-first approaches to deepen connection with your partner. Explore gentle aftercare materials and soft life practices to soothe your nervous system and foster lasting wellness. Perfect for couples seeking to enhance their bond and build stronger connection. #SoftLife #CouplesRituals #IntimacyCoach #NervousSystem #RelationshipRituals,Soft Life Intimacy,https://bdsmpub.com/pages/education,,,sister_brand_safe
03-unlock-deeper-intimacy-your-4-question-couple-check-in-ritua.png,Unlock Deeper Intimacy: Your 4-Question Couple Check-in Ritual,"Elevate your relationship wellness with our simple 4-question check-in for couples. This gentle ritual is designed to foster deeper connection and understanding, supporting your nervous system and promoting a soft life together. Learn how to create meaningful moments and strengthen your bond with these educational materials. Perfect for partners seeking to enhance their intimacy and build a more resilient connection. Save this pin to your wellness or relationship boards for easy access to a powe",Soft Life Intimacy,https://bdsmpub.com/pages/education,,,sister_brand_safe
04-boost-connection-the-yes-no-maybe-framework-for-couples.png,Boost Connection: The Yes/No/Maybe Framework for Couples,"Unlock deeper intimacy and understanding with your partner using the powerful Yes/No/Maybe framework. This essential education tool helps couples communicate boundaries and desires clearly, fostering a safe space for exploration and growth. Learn to articulate your comfort levels and engage in new materials with confidence. Implementing this simple ritual supports your nervous system, reduces anxiety, and cultivates a soft life approach to connection. Enhance your relationship wellness journey a",Soft Life Intimacy,https://bdsmpub.com/pages/education,,,sister_brand_safe
05-pin-5.png,,,Soft Life Intimacy,https://bdsmpub.com/pages/education,,,sister_brand_safe
06-elevate-connection-your-30-min-aftercare-ritual.png,Elevate Connection: Your 30-Min Aftercare Ritual,"Elevate your connection and soothe your nervous system with our gentle 30-minute aftercare protocol. Discover simple rituals and materials to deepen intimacy with your partner, fostering a sense of calm and closeness. This educational guide helps you create a soft life experience, enhancing wellness and strengthening your bond. Learn how intentional aftercare can transform your shared moments. Save this for your wellness, couples, or relationship boards! #SoftLife #CouplesRituals #Aftercare #Ner",Soft Life Intimacy,https://bdsmpub.com/pages/education,,,sister_brand_safe
07-6-essential-emotional-aftercare-rituals-for-deeper-bonds.png,6 Essential Emotional Aftercare Rituals for Deeper Bonds,"Emotional aftercare is a vital, often overlooked, component of healthy intimacy and connection. Learn the basics of creating meaningful aftercare rituals with your partner to nurture your nervous system and strengthen your bond. This educational guide provides practical materials and insights for couples seeking deeper wellness. Discover how intentional aftercare can transform your relationship and foster a soft life together. Elevate your connection with these essential practices. #SoftLifeInti",Soft Life Intimacy,https://bdsmpub.com/pages/education,,,sister_brand_safe
08-mastering-post-intimacy-blues-a-gentle-recovery-guide.png,Mastering Post-Intimacy Blues: A Gentle Recovery Guide,"Ever feel a surprising emotional dip or intense fatigue after a profound intimate connection with your partner? This common experience, often known as 'post-intimacy blues,' is a natural nervous system response. Our guide offers gentle, restorative rituals to help you and your partner navigate these feelings and return to a state of soft, connected calm. Learn practical aftercare strategies to support your emotional wellness and deepen your bond. Prioritize your nervous system regulation and nur",Soft Life Intimacy,https://bdsmpub.com/pages/education,,,sister_brand_safe
09-pin-9.png,,,Soft Life Intimacy,https://bdsmpub.com/pages/education,,,sister_brand_safe
10-new-couples-5-aftercare-rituals-for-deeper-intimacy-connecti.png,New Couples: 5 Aftercare Rituals for Deeper Intimacy & Connection,"Discover the power of aftercare as a vital ritual for new couples building lasting intimacy. Learn how simple practices can nurture your connection, regulate your nervous system, and deepen your bond. This educational guide from @curated.intimacy provides actionable materials and insights for a more fulfilling partnership. Embrace the soft life and cultivate profound connection with your partner through mindful aftercare. Elevate your relationship wellness journey today!
#SoftLifeIntimacy #Coupl",Soft Life Intimacy,https://bdsmpub.com/pages/education,,,sister_brand_safe
11-unlock-deeper-connection-the-3-dimensions-of-aftercare.png,Unlock Deeper Connection: The 3 Dimensions of Aftercare,"Aftercare isn't just about winding down; it's a vital ritual for strengthening intimacy and nurturing your nervous system. Discover the three essential dimensions of aftercare that can transform your connection with your partner. From emotional attunement to physical comfort and practical considerations, learning these materials will help you create a truly holistic and supportive post-intimacy experience. Elevate your relationship wellness and embrace the soft life with intentional aftercare pr",Soft Life Intimacy,https://bdsmpub.com/pages/education,,,sister_brand_safe
13-boost-intimacy-5-materials-to-avoid-for-couples-wellness.png,Boost Intimacy: 5 Materials to AVOID for Couples Wellness,"Did you know the materials you choose for your intimate moments can impact your nervous system and overall connection with your partner? It's true! Many common materials can cause irritation, discomfort, or even disrupt the soft life vibe you're cultivating. This education-first guide reveals 5 materials to consciously avoid to enhance your couples wellness and aftercare rituals. Prioritize comfort and safety for deeper intimacy. #SoftLife #CouplesRituals #NervousSystem #IntimacyCoach #WellnessT",Soft Life Intimacy,https://bdsmpub.com/pages/education,,,sister_brand_safe
14-silicone-vs-tpe-which-material-elevates-your-intimacy.png,Silicone vs TPE: Which Material Elevates Your Intimacy?,"Understanding the materials used in your wellness tools is key to a truly soft life. Dive into our educational guide comparing Silicone and TPE. Learn about their unique properties, how they impact your nervous system, and why choosing the right material can enhance your couples' rituals and aftercare practices. Elevate your connection and wellness journey with informed choices. Discover the subtle differences that make a big impact on your intimate experiences. #SoftLife #CouplesRituals #Intima",Soft Life Intimacy,https://bdsmpub.com/pages/education,,,sister_brand_safe
15-the-hidden-truth-are-your-wellness-materials-truly-body-kind.png,The Hidden Truth: Are Your Wellness Materials Truly Body-Kind?,"Ever wondered if the materials in your wellness space are truly supporting your well-being? This essential visual guide from @curated.intimacy demystifies body-kind materials, helping you make informed choices for a healthier, more connected life. Understanding what touches your skin is key to fostering deeper intimacy and promoting a regulated nervous system. Learn how to create a soft life environment that prioritizes comfort, safety, and genuine connection with your partner. Elevate your self",Soft Life Intimacy,https://bdsmpub.com/pages/education,,,sister_brand_safe
17-pin-17.png,,,Soft Life Intimacy,https://bdsmpub.com/pages/education,,,sister_brand_safe
18-hidden-chemicals-your-phthalate-free-guide-for-couples-welln.png,Hidden Chemicals? Your Phthalate-Free Guide for Couples Wellness,"Navigating wellness choices can be overwhelming, especially when it comes to materials in your home and personal spaces. This guide empowers you to understand phthalate-free certifications, ensuring you make informed decisions for your connection and peace of mind. Learn why choosing materials free from common phthalates is a simple yet powerful step towards a healthier, more mindful soft life. Protect your nervous system and enhance your well-being with this essential education for partners. #S",Soft Life Intimacy,https://bdsmpub.com/pages/education,,,sister_brand_safe
19-unlock-deeper-connection-your-7-day-soft-life-intimacy-reset.png,Unlock Deeper Connection: Your 7-Day Soft Life Intimacy Reset,"Discover how to cultivate a 'soft life' approach to your relationship with our 7-day intimacy reset. This educational guide offers partners practical rituals and materials to nurture deeper connection, enhance nervous system regulation, and foster gentle aftercare. Learn to prioritize wellness and create a sanctuary of understanding and support. Perfect for couples seeking to slow down, reconnect, and build lasting intimacy through intentional practices. Transform your relationship with this min",Soft Life Intimacy,https://bdsmpub.com/pages/education,,,sister_brand_safe
20-unlock-deeper-connection-5-wellness-habits-for-couples.png,Unlock Deeper Connection: 5 Wellness Habits for Couples,"Building a wellness-first relationship means cultivating intentional connection and care with your partner. Discover essential rituals and educational materials that prioritize your shared well-being and strengthen your bond. Learn how integrating aftercare practices and understanding nervous system regulation can create a softer, more intimate connection. Elevate your partnership with these foundational principles for lasting harmony and deeper understanding. This guide offers actionable insigh",Soft Life Intimacy,https://bdsmpub.com/pages/education,,,sister_brand_safe
23-pin-23.png,,,Soft Life Intimacy,https://bdsmpub.com/pages/education,,,sister_brand_safe
24-elevate-your-connection-intimacy-as-a-wellness-practice.png,Elevate Your Connection: Intimacy as a Wellness Practice,"Discover how intentional intimacy can transform your relationship into a powerful wellness practice. Learn to cultivate deeper connection with your partner through mindful rituals and thoughtful aftercare. This educational guide explores how prioritizing intimacy supports nervous system regulation, fosters emotional resilience, and contributes to a beautiful 'soft life'. Elevate your shared journey with practices designed for lasting connection and mutual well-being. Perfect for couples seeking ",Soft Life Intimacy,https://bdsmpub.com/pages/education,,,sister_brand_safe
25-5-evening-rituals-to-deepen-intimacy-calm-your-nervous-syste.png,5 Evening Rituals to Deepen Intimacy & Calm Your Nervous System,"Transform your evenings into powerful moments of connection and calm. Discover simple yet profound wind-down rituals that nurture your nervous system and strengthen intimacy with your partner. This education-first guide offers practical materials and ideas for creating a soft life atmosphere, fostering deeper emotional bonds and mutual aftercare. Elevate your couples wellness journey by prioritizing intentional evening routines. Learn how small rituals can lead to significant shifts in your rela",Soft Life Intimacy,https://bdsmpub.com/pages/education,,,sister_brand_safe
26-why-mismatched-desire-isn-t-a-dealbreaker-for-your-connectio.png,Why Mismatched Desire Isn't a Dealbreaker for Your Connection,"Feeling out of sync with your partner's desire can be a challenging, yet common, experience. This educational guide from @curated.intimacy offers a gentle framework for understanding and navigating these differences with compassion and connection. Learn how to foster deeper intimacy, enhance your shared wellness journey, and build stronger relationship rituals that honor both partners' nervous systems. Discover practical communication materials and aftercare strategies to bridge gaps and create ",Soft Life Intimacy,https://bdsmpub.com/pages/education,,,sister_brand_safe
27-5-morning-rituals-for-deeper-couple-intimacy-wellness.png,5 Morning Rituals for Deeper Couple Intimacy & Wellness,"Discover simple yet powerful morning connection rituals designed to nurture your relationship and soothe your nervous system. Learn how intentional moments can build lasting intimacy and foster a deep sense of wellness with your partner. These gentle practices are perfect for cultivating a soft life, ensuring you both start the day feeling connected and cared for. Elevate your everyday with mindful aftercare for your relationship. This educational guide provides actionable materials for partners",Soft Life Intimacy,https://bdsmpub.com/pages/education,,,sister_brand_safe
29-why-consent-isn-t-just-for-big-moments-and-how-to-talk-about.png,Why Consent Isn't Just for 'Big Moments' (and How to Talk About It),"Navigating consent conversations can feel daunting, but it's a vital part of building deep, authentic intimacy with your partners. This education-first guide helps couples understand how to make consent a fluid, ongoing dialogue, not a one-time event. Learn simple frameworks and practical communication materials to integrate consent into your daily wellness rituals, fostering a stronger connection and a more regulated nervous system. Embrace the soft life approach to relationship building. Disco",Soft Life Intimacy,https://bdsmpub.com/pages/education,,,sister_brand_safe
30-pin-30.png,,,Soft Life Intimacy,https://bdsmpub.com/pages/education,,,sister_brand_safe
31-pin-31.png,,,Soft Life Intimacy,https://bdsmpub.com/pages/education,,,sister_brand_safe
32-know-your-non-negotiables-deal-breakers-for-lasting-intimacy.png,Know Your Non-Negotiables: Deal-Breakers for Lasting Intimacy,"Understanding the difference between deal-breakers and preferences is foundational for building strong, healthy relationships. Learn how to identify your core non-negotiables and communicate them effectively with your partner. This educational guide helps couples navigate difficult conversations, fostering deeper connection and a sense of security. Cultivate a soft life where your nervous system feels safe and aligned. Discover rituals for intentional partnership and lasting wellness. #Relations",Soft Life Intimacy,https://bdsmpub.com/pages/education,,,sister_brand_safe
33-pin-33.png,,,Soft Life Intimacy,https://bdsmpub.com/pages/education,,,sister_brand_safe
34-pin-34.png,,,Soft Life Intimacy,https://bdsmpub.com/pages/education,,,sister_brand_safe
35-curated-travel-kit-essential-for-couples-connection.png,Curated Travel Kit: Essential for Couples' Connection,"Elevate your next adventure with a thoughtfully curated travel kit designed for deeper intimacy and nervous system support. Discover essential materials and rituals to bring comfort, connection, and calm to any journey with your partner. From journaling prompts to sensory anchors, learn how to create a soft life experience on the go, fostering shared moments and aftercare practices. This educational guide helps partners build resilience and connection, no matter where you roam. Prioritize your s",Soft Life Intimacy,https://bdsmpub.com/pages/education,,,sister_brand_safe
38-beyond-the-box-anniversary-gifts-for-deeper-intimacy.png,Beyond The Box: Anniversary Gifts For Deeper Intimacy,"Celebrating another year with your partner is a beautiful ritual. This guide explores how to choose anniversary gifts that truly deepen your connection, going beyond fleeting materials to create lasting memories and foster profound intimacy. Discover thoughtful approaches that nurture your nervous system and strengthen your bond. Learn how to weave aftercare and mindful intention into your gifting process for a truly soft life experience. Elevate your relationship rituals with wisdom-led choices",Soft Life Intimacy,https://bdsmpub.com/pages/education,,,sister_brand_safe
00-a-coil-of-natural-jute-rope-on-a-dark-walnut-surfa.png,"First-time impact play: where to hit, where to avoid","Exploring impact play safely? Understanding safe zones and no-go areas is crucial for a pleasurable, body-safe experience. Prioritize consent and open communication every time. Learn more. #BDSMeducation #CouplesKink #BodySafe #KinkPositive #RelationshipRituals #IntimacyEducation",Couples Education,https://bdsmpub.com/pages/education,,,bdsm_education
01-black-leather-cuffs-with-brass-hardware-arranged-o.png,Afterglow rituals: what to do in the 30 minutes after a scene,"Afterglow isn't just a moment, it's a ritual. These simple steps can transform your post-scene experience into a deeper bond. Prioritize connection, comfort, and communication. #BDSMeducation #CouplesKink #BodySafe #KinkPositive #RelationshipRituals #IntimacyEducation",Couples Education,https://bdsmpub.com/pages/education,,,bdsm_education
02-three-lengths-of-natural-hemp-rope-vs-polished-cot.png,Why we use stoplight check-ins outside of scenes too,Transform your daily relationship dynamics with simple stoplight check-ins. It's not just for scenes; it's for continuous connection and care. ✨ #BDSMeducation #CouplesKink #BodySafe #KinkPositive #RelationshipRituals #IntimacyEducation,Couples Education,https://bdsmpub.com/pages/education,,,bdsm_education
03-a-silk-blindfold-draped-over-a-leather-bound-journ.png,Power exchange beyond the bedroom: tiny rituals that build trust,Building trust isn't just for the bedroom. These tiny rituals deepen power exchange dynamics in everyday life. Try them! #BDSMeducation #CouplesKink #BodySafe #KinkPositive #RelationshipRituals #IntimacyEducation,Couples Education,https://bdsmpub.com/pages/education,,,bdsm_education
05-polished-steel-cuffs-hanging-from-a-wooden-peg-in.png,Beginner BDSM scene setup (under $100),"Dreaming of exploring BDSM but worried about cost? You can create incredible, safe scenes for under $100! Focus on consent, communication, and creativity. #BDSMeducation #CouplesKink #BodySafe #KinkPositive #RelationshipRituals #IntimacyEducation",Couples Education,https://bdsmpub.com/pages/education,,,bdsm_education
06-a-flogger-made-of-soft-suede-arranged-in-a-circul.png,Date night → scene transition: how to shift the energy without awkwardness,Transform your date nights into unforgettable scenes with these smooth transition tips. Say goodbye to awkwardness and hello to deeper connection. ✨ #BDSMeducation #CouplesKink #BodySafe #KinkPositive #RelationshipRituals #IntimacyEducation,Couples Education,https://bdsmpub.com/pages/education,,,bdsm_education
07-a-handcrafted-wooden-paddle-resting-on-linen-soft.png,Travel-friendly kink gear: TSA-tested loadout,"Unlock intimate adventures wherever you roam. Our guide to TSA-friendly kink gear ensures your passion travels with you, discreetly & safely. #BDSMeducation #CouplesKink #BodySafe #KinkPositive #RelationshipRituals #IntimacyEducation",Couples Education,https://bdsmpub.com/pages/education,,,bdsm_education
08-velvet-rope-coiled-into-a-spiral-on-dark-concrete.png,Predicament bondage explained for beginners,"Unlock new levels of intimacy with predicament bondage. It's all about consent, communication, and creative thrills. Ready to try? #BDSMeducation #CouplesKink #BodySafe #KinkPositive #RelationshipRituals #IntimacyEducation",Couples Education,https://bdsmpub.com/pages/education,,,bdsm_education
10-a-folded-silk-blanket-beside-a-glass-of-water-and.png,What 'green/yellow/red' actually means (and why couples use it),"Ever wondered what 'Green, Yellow, Red' means in intimacy? It's a powerful, simple consent system couples use to build trust and communicate boundaries. Learn more! #BDSMeducation #CouplesKink #BodySafe #KinkPositive #RelationshipRituals #IntimacyEducation",Couples Education,https://bdsmpub.com/pages/education,,,bdsm_education
