Image File,Pin Title,Pin Description,Board Name,Destination URL,Scheduled Date,Scheduled Time ET
00-unlock-your-soft-life-daily-check-in-template-for-partners.png,Unlock Your Soft Life: Daily Check-in Template for Partners,"Cultivate deeper connection and nervous system regulation with our 'Soft Life Check-in Template.' This educational guide offers simple rituals for partners to foster intimacy and wellness daily. Learn how to create meaningful moments, practice aftercare for your relationship, and enhance your overall well-being. Perfect for couples seeking gentle, consistent connection. #SoftLife #SoftLifeIntimacy #CouplesRituals #NervousSystem #RelationshipRituals",Couples Sanctuary: Bedroom Aesthetics,https://bdsmpub.com/pages/education,2026-05-13,20:00
01-5-steps-to-your-weekly-relationship-reset-ritual.png,5 Steps to Your Weekly Relationship Reset Ritual,"Cultivate deeper connection and nurture your bond with our weekly relationship reset ritual. This educational guide offers partners a gentle framework to reconnect, regulate their nervous systems, and foster lasting intimacy. Discover simple practices for meaningful communication, shared quiet moments, and intentional aftercare for your connection. Build a soft life together, strengthening your understanding and mutual support. Perfect for couples seeking to enhance their wellness journey. #Coup",Wellness Wisdom: Body-Safe Materials,https://bdsmpub.com/pages/education,2026-05-13,12:30
02-therapists-reveal-5-ways-to-reset-intimacy-tonight.png,Therapists Reveal: 5 Ways to Reset Intimacy Tonight,Ever wonder how to bring that spark back? Therapists share their top secrets for intimacy resets that truly work. Learn practical rituals and education-first approaches to deepen connection with your partner. Explore gentle aftercare materials and soft life practices to soothe your nervous system and foster lasting wellness. Perfect for couples seeking to enhance their bond and build stronger connection. #SoftLife #CouplesRituals #IntimacyCoach #NervousSystem #RelationshipRituals,Nurturing Connection: Aftercare Rituals,https://bdsmpub.com/pages/education,2026-05-14,22:00
04-boost-connection-the-yes-no-maybe-framework-for-couples.png,Boost Connection: The Yes/No/Maybe Framework for Couples,"Unlock deeper intimacy and understanding with your partner using the powerful Yes/No/Maybe framework. This essential education tool helps couples communicate boundaries and desires clearly, fostering a safe space for exploration and growth. Learn to articulate your comfort levels and engage in new materials with confidence. Implementing this simple ritual supports your nervous system, reduces anxiety, and cultivates a soft life approach to connection. Enhance your relationship wellness journey a",Soft Life: Gentle Intimacy & Ease,https://bdsmpub.com/pages/education,2026-05-15,21:00
05-pin-5.png,,,Connect Deeper: Communication Frameworks,https://bdsmpub.com/pages/education,2026-05-15,12:00
06-elevate-connection-your-30-min-aftercare-ritual.png,Elevate Connection: Your 30-Min Aftercare Ritual,"Elevate your connection and soothe your nervous system with our gentle 30-minute aftercare protocol. Discover simple rituals and materials to deepen intimacy with your partner, fostering a sense of calm and closeness. This educational guide helps you create a soft life experience, enhancing wellness and strengthening your bond. Learn how intentional aftercare can transform your shared moments. Save this for your wellness, couples, or relationship boards! #SoftLife #CouplesRituals #Aftercare #Ner",Couples Sanctuary: Bedroom Aesthetics,https://bdsmpub.com/pages/education,2026-05-16,21:30
08-mastering-post-intimacy-blues-a-gentle-recovery-guide.png,Mastering Post-Intimacy Blues: A Gentle Recovery Guide,"Ever feel a surprising emotional dip or intense fatigue after a profound intimate connection with your partner? This common experience, often known as 'post-intimacy blues,' is a natural nervous system response. Our guide offers gentle, restorative rituals to help you and your partner navigate these feelings and return to a state of soft, connected calm. Learn practical aftercare strategies to support your emotional wellness and deepen your bond. Prioritize your nervous system regulation and nur",Nurturing Connection: Aftercare Rituals,https://bdsmpub.com/pages/education,2026-05-17,21:30
09-pin-9.png,,,Thoughtful Gifting: Anniversary & Love,https://bdsmpub.com/pages/education,2026-05-17,20:00
10-new-couples-5-aftercare-rituals-for-deeper-intimacy-connecti.png,New Couples: 5 Aftercare Rituals for Deeper Intimacy & Connection,"Discover the power of aftercare as a vital ritual for new couples building lasting intimacy. Learn how simple practices can nurture your connection, regulate your nervous system, and deepen your bond. This educational guide from @curated.intimacy provides actionable materials and insights for a more fulfilling partnership. Embrace the soft life and cultivate profound connection with your partner through mindful aftercare. Elevate your relationship wellness journey today!
#SoftLifeIntimacy #Coupl",Soft Life: Gentle Intimacy & Ease,https://bdsmpub.com/pages/education,2026-05-18,21:00
11-unlock-deeper-connection-the-3-dimensions-of-aftercare.png,Unlock Deeper Connection: The 3 Dimensions of Aftercare,"Aftercare isn't just about winding down; it's a vital ritual for strengthening intimacy and nurturing your nervous system. Discover the three essential dimensions of aftercare that can transform your connection with your partner. From emotional attunement to physical comfort and practical considerations, learning these materials will help you create a truly holistic and supportive post-intimacy experience. Elevate your relationship wellness and embrace the soft life with intentional aftercare pr",Connect Deeper: Communication Frameworks,https://bdsmpub.com/pages/education,2026-05-18,13:00
13-boost-intimacy-5-materials-to-avoid-for-couples-wellness.png,Boost Intimacy: 5 Materials to AVOID for Couples Wellness,"Did you know the materials you choose for your intimate moments can impact your nervous system and overall connection with your partner? It's true! Many common materials can cause irritation, discomfort, or even disrupt the soft life vibe you're cultivating. This education-first guide reveals 5 materials to consciously avoid to enhance your couples wellness and aftercare rituals. Prioritize comfort and safety for deeper intimacy. #SoftLife #CouplesRituals #NervousSystem #IntimacyCoach #WellnessT",Wellness Wisdom: Body-Safe Materials,https://bdsmpub.com/pages/education,2026-05-19,13:00
14-silicone-vs-tpe-which-material-elevates-your-intimacy.png,Silicone vs TPE: Which Material Elevates Your Intimacy?,"Understanding the materials used in your wellness tools is key to a truly soft life. Dive into our educational guide comparing Silicone and TPE. Learn about their unique properties, how they impact your nervous system, and why choosing the right material can enhance your couples' rituals and aftercare practices. Elevate your connection and wellness journey with informed choices. Discover the subtle differences that make a big impact on your intimate experiences. #SoftLife #CouplesRituals #Intima",Nurturing Connection: Aftercare Rituals,https://bdsmpub.com/pages/education,2026-05-20,22:00
15-the-hidden-truth-are-your-wellness-materials-truly-body-kind.png,The Hidden Truth: Are Your Wellness Materials Truly Body-Kind?,"Ever wondered if the materials in your wellness space are truly supporting your well-being? This essential visual guide from @curated.intimacy demystifies body-kind materials, helping you make informed choices for a healthier, more connected life. Understanding what touches your skin is key to fostering deeper intimacy and promoting a regulated nervous system. Learn how to create a soft life environment that prioritizes comfort, safety, and genuine connection with your partner. Elevate your self",Thoughtful Gifting: Anniversary & Love,https://bdsmpub.com/pages/education,2026-05-20,12:00
17-pin-17.png,,,Connect Deeper: Communication Frameworks,https://bdsmpub.com/pages/education,2026-05-21,13:00
18-hidden-chemicals-your-phthalate-free-guide-for-couples-welln.png,Hidden Chemicals? Your Phthalate-Free Guide for Couples Wellness,"Navigating wellness choices can be overwhelming, especially when it comes to materials in your home and personal spaces. This guide empowers you to understand phthalate-free certifications, ensuring you make informed decisions for your connection and peace of mind. Learn why choosing materials free from common phthalates is a simple yet powerful step towards a healthier, more mindful soft life. Protect your nervous system and enhance your well-being with this essential education for partners. #S",Couples Sanctuary: Bedroom Aesthetics,https://bdsmpub.com/pages/education,2026-05-22,22:00
19-unlock-deeper-connection-your-7-day-soft-life-intimacy-reset.png,Unlock Deeper Connection: Your 7-Day Soft Life Intimacy Reset,"Discover how to cultivate a 'soft life' approach to your relationship with our 7-day intimacy reset. This educational guide offers partners practical rituals and materials to nurture deeper connection, enhance nervous system regulation, and foster gentle aftercare. Learn to prioritize wellness and create a sanctuary of understanding and support. Perfect for couples seeking to slow down, reconnect, and build lasting intimacy through intentional practices. Transform your relationship with this min",Wellness Wisdom: Body-Safe Materials,https://bdsmpub.com/pages/education,2026-05-22,12:30
20-unlock-deeper-connection-5-wellness-habits-for-couples.png,Unlock Deeper Connection: 5 Wellness Habits for Couples,"Building a wellness-first relationship means cultivating intentional connection and care with your partner. Discover essential rituals and educational materials that prioritize your shared well-being and strengthen your bond. Learn how integrating aftercare practices and understanding nervous system regulation can create a softer, more intimate connection. Elevate your partnership with these foundational principles for lasting harmony and deeper understanding. This guide offers actionable insigh",Nurturing Connection: Aftercare Rituals,https://bdsmpub.com/pages/education,2026-05-23,20:00
23-pin-23.png,,,Connect Deeper: Communication Frameworks,https://bdsmpub.com/pages/education,2026-05-24,20:30
24-elevate-your-connection-intimacy-as-a-wellness-practice.png,Elevate Your Connection: Intimacy as a Wellness Practice,"Discover how intentional intimacy can transform your relationship into a powerful wellness practice. Learn to cultivate deeper connection with your partner through mindful rituals and thoughtful aftercare. This educational guide explores how prioritizing intimacy supports nervous system regulation, fosters emotional resilience, and contributes to a beautiful 'soft life'. Elevate your shared journey with practices designed for lasting connection and mutual well-being. Perfect for couples seeking ",Couples Sanctuary: Bedroom Aesthetics,https://bdsmpub.com/pages/education,2026-05-25,21:00
25-5-evening-rituals-to-deepen-intimacy-calm-your-nervous-syste.png,5 Evening Rituals to Deepen Intimacy & Calm Your Nervous System,"Transform your evenings into powerful moments of connection and calm. Discover simple yet profound wind-down rituals that nurture your nervous system and strengthen intimacy with your partner. This education-first guide offers practical materials and ideas for creating a soft life atmosphere, fostering deeper emotional bonds and mutual aftercare. Elevate your couples wellness journey by prioritizing intentional evening routines. Learn how small rituals can lead to significant shifts in your rela",Wellness Wisdom: Body-Safe Materials,https://bdsmpub.com/pages/education,2026-05-26,21:00
26-why-mismatched-desire-isn-t-a-dealbreaker-for-your-connectio.png,Why Mismatched Desire Isn't a Dealbreaker for Your Connection,"Feeling out of sync with your partner's desire can be a challenging, yet common, experience. This educational guide from @curated.intimacy offers a gentle framework for understanding and navigating these differences with compassion and connection. Learn how to foster deeper intimacy, enhance your shared wellness journey, and build stronger relationship rituals that honor both partners' nervous systems. Discover practical communication materials and aftercare strategies to bridge gaps and create ",Nurturing Connection: Aftercare Rituals,https://bdsmpub.com/pages/education,2026-05-27,20:00
27-5-morning-rituals-for-deeper-couple-intimacy-wellness.png,5 Morning Rituals for Deeper Couple Intimacy & Wellness,"Discover simple yet powerful morning connection rituals designed to nurture your relationship and soothe your nervous system. Learn how intentional moments can build lasting intimacy and foster a deep sense of wellness with your partner. These gentle practices are perfect for cultivating a soft life, ensuring you both start the day feeling connected and cared for. Elevate your everyday with mindful aftercare for your relationship. This educational guide provides actionable materials for partners",Thoughtful Gifting: Anniversary & Love,https://bdsmpub.com/pages/education,2026-05-27,12:30
29-why-consent-isn-t-just-for-big-moments-and-how-to-talk-about.png,Why Consent Isn't Just for 'Big Moments' (and How to Talk About It),"Navigating consent conversations can feel daunting, but it's a vital part of building deep, authentic intimacy with your partners. This education-first guide helps couples understand how to make consent a fluid, ongoing dialogue, not a one-time event. Learn simple frameworks and practical communication materials to integrate consent into your daily wellness rituals, fostering a stronger connection and a more regulated nervous system. Embrace the soft life approach to relationship building. Disco",Connect Deeper: Communication Frameworks,https://bdsmpub.com/pages/education,2026-05-28,12:30
30-pin-30.png,,,Couples Sanctuary: Bedroom Aesthetics,https://bdsmpub.com/pages/education,2026-05-29,20:30
31-pin-31.png,,,Wellness Wisdom: Body-Safe Materials,https://bdsmpub.com/pages/education,2026-05-29,12:30
32-know-your-non-negotiables-deal-breakers-for-lasting-intimacy.png,Know Your Non-Negotiables: Deal-Breakers for Lasting Intimacy,"Understanding the difference between deal-breakers and preferences is foundational for building strong, healthy relationships. Learn how to identify your core non-negotiables and communicate them effectively with your partner. This educational guide helps couples navigate difficult conversations, fostering deeper connection and a sense of security. Cultivate a soft life where your nervous system feels safe and aligned. Discover rituals for intentional partnership and lasting wellness. #Relations",Nurturing Connection: Aftercare Rituals,https://bdsmpub.com/pages/education,2026-05-30,21:30
33-pin-33.png,,,Thoughtful Gifting: Anniversary & Love,https://bdsmpub.com/pages/education,2026-05-30,12:30
34-pin-34.png,,,Soft Life: Gentle Intimacy & Ease,https://bdsmpub.com/pages/education,2026-05-31,21:30
35-curated-travel-kit-essential-for-couples-connection.png,Curated Travel Kit: Essential for Couples' Connection,"Elevate your next adventure with a thoughtfully curated travel kit designed for deeper intimacy and nervous system support. Discover essential materials and rituals to bring comfort, connection, and calm to any journey with your partner. From journaling prompts to sensory anchors, learn how to create a soft life experience on the go, fostering shared moments and aftercare practices. This educational guide helps partners build resilience and connection, no matter where you roam. Prioritize your s",Connect Deeper: Communication Frameworks,https://bdsmpub.com/pages/education,2026-05-31,20:30
38-beyond-the-box-anniversary-gifts-for-deeper-intimacy.png,Beyond The Box: Anniversary Gifts For Deeper Intimacy,"Celebrating another year with your partner is a beautiful ritual. This guide explores how to choose anniversary gifts that truly deepen your connection, going beyond fleeting materials to create lasting memories and foster profound intimacy. Discover thoughtful approaches that nurture your nervous system and strengthen your bond. Learn how to weave aftercare and mindful intention into your gifting process for a truly soft life experience. Elevate your relationship rituals with wisdom-led choices",Nurturing Connection: Aftercare Rituals,https://bdsmpub.com/pages/education,2026-06-03,20:00
41-pin-41.png,,,Connect Deeper: Communication Frameworks,https://bdsmpub.com/pages/education,2026-06-04,12:00
42-soft-life-intimacy-how-material-storage-boosts-connection.png,Soft Life Intimacy: How Material Storage Boosts Connection,"Discover the hidden connection between proper storage and your overall wellness journey as a couple. This educational guide explores how different materials require specific care to maintain their integrity and hygiene, ensuring your aftercare rituals are always a source of comfort and connection. Elevate your soft life intimacy by mastering material-specific storage, reducing stress, and fostering a deeper bond with your partner. Learn the simple steps to a more organized and mindful approach t",Couples Sanctuary: Bedroom Aesthetics,https://bdsmpub.com/pages/education,2026-06-05,20:00
43-the-hidden-lifespan-of-your-intimacy-wellness-materials.png,The Hidden Lifespan of Your Intimacy Wellness Materials,"Ever wondered how long your cherished intimacy wellness materials truly last? Understanding the lifespan of body-safe items is crucial for maintaining hygiene, safety, and a mindful approach to your self-care and couples' rituals. This guide delves into the common materials used, offering insights on proper cleaning, storage, and when it's time to replace them. Prioritize your well-being and deepen your connection by ensuring your intimate essentials are always in their best condition. Learn how",Wellness Wisdom: Body-Safe Materials,https://bdsmpub.com/pages/education,2026-06-05,12:30
45-pin-45.png,,,Thoughtful Gifting: Anniversary & Love,https://bdsmpub.com/pages/education,2026-06-06,13:00
46-pin-46.png,,,Soft Life: Gentle Intimacy & Ease,https://bdsmpub.com/pages/education,2026-06-07,21:30
47-why-inclusive-design-transforms-intimacy-wellness-rituals.png,Why Inclusive Design Transforms Intimacy & Wellness Rituals,"Ever wondered how product design impacts your wellness and connection? True intimacy considers all bodies. Discover why embracing diverse anatomies in the design of personal items isn't just inclusive, it's essential for a deeper, more comfortable experience. Learn how thoughtful materials and ergonomic considerations can enhance couples' rituals and aftercare, supporting a truly soft life. Prioritizing design for every body helps regulate the nervous system, fostering deeper connection and over",Connect Deeper: Communication Frameworks,https://bdsmpub.com/pages/education,2026-06-07,21:30
48-unlock-true-connection-your-brand-s-inclusivity-audit-guide.png,Unlock True Connection: Your Brand's Inclusivity Audit Guide,"Genuine inclusivity is non-negotiable for brands seeking authentic connection. This guide provides a framework for conducting a comprehensive inclusivity audit of your brand's messaging, visuals, and approach. Learn to identify blind spots, ensure your materials resonate with diverse partners, and foster a truly welcoming space. Elevate your brand's commitment to wellness and build deeper, more meaningful relationships. Discover rituals for thoughtful, inclusive communication, supporting the ner",Couples Sanctuary: Bedroom Aesthetics,https://bdsmpub.com/pages/education,2026-06-08,20:00
